Input Force (N),Max_Disp_x2 (m),Max_Disp_x1 (m)
0.05,-0.08857492148240187,0.07622745666526087
